"Problem","Package","File","Priority","Line","Description","Rule set","Rule"
"1","","pfaa/CoolReader/android/res/menu/cr3_browser_menu.xml","3","1","MissingEncoding: Set an explicit XML encoding in the XML declaration to ensure proper parsing","Best Practices","MissingEncoding"
"2","","pfaa/CoolReader/android/res/menu/cr3_reader_menu.xml","3","1","MissingEncoding: Set an explicit XML encoding in the XML declaration to ensure proper parsing","Best Practices","MissingEncoding"
"3","","pfaa/CoolReader/android/res/values/styles.xml","3","1","MissingEncoding: Set an explicit XML encoding in the XML declaration to ensure proper parsing","Best Practices","MissingEncoding"
"4","","pfaa/focalboard/experiments/webext/src/views/options.html","3","8","UnnecessaryTypeAttribute: Type attribute for link and script elements is not needed.","Best Practices","UnnecessaryTypeAttribute"
"5","","pfaa/focalboard/experiments/webext/src/views/popup.html","3","8","UnnecessaryTypeAttribute: Type attribute for link and script elements is not needed.","Best Practices","UnnecessaryTypeAttribute"
"6","","pfaa/focalboard/import/jira/test/jira-export.xml","3","1","MissingEncoding: Set an explicit XML encoding in the XML declaration to ensure proper parsing","Best Practices","MissingEncoding"
"7","","pfaa/focalboard/linux/webapp/cypress/plugins/index.js","1","23","AvoidTrailingComma: Avoid trailing commas in object or array literals","Error Prone","AvoidTrailingComma"
"8","","pfaa/focalboard/linux/webapp/webpack.common.js","1","12","AvoidTrailingComma: Avoid trailing commas in object or array literals","Error Prone","AvoidTrailingComma"
"9","","pfaa/focalboard/linux/webapp/webpack.common.js","1","15","AvoidTrailingComma: Avoid trailing commas in object or array literals","Error Prone","AvoidTrailingComma"
"10","","pfaa/focalboard/linux/webapp/webpack.common.js","1","19","AvoidTrailingComma: Avoid trailing commas in object or array literals","Error Prone","AvoidTrailingComma"
"11","","pfaa/focalboard/linux/webapp/webpack.common.js","1","20","AvoidTrailingComma: Avoid trailing commas in object or array literals","Error Prone","AvoidTrailingComma"
"12","","pfaa/focalboard/linux/webapp/webpack.common.js","1","21","AvoidTrailingComma: Avoid trailing commas in object or array literals","Error Prone","AvoidTrailingComma"
"13","","pfaa/focalboard/linux/webapp/webpack.common.js","1","23","AvoidTrailingComma: Avoid trailing commas in object or array literals","Error Prone","AvoidTrailingComma"
"14","","pfaa/focalboard/linux/webapp/webpack.common.js","1","27","AvoidTrailingComma: Avoid trailing commas in object or array literals","Error Prone","AvoidTrailingComma"
"15","","pfaa/focalboard/linux/webapp/webpack.common.js","1","29","AvoidTrailingComma: Avoid trailing commas in object or array literals","Error Prone","AvoidTrailingComma"
"16","","pfaa/focalboard/linux/webapp/webpack.common.js","1","31","AvoidTrailingComma: Avoid trailing commas in object or array literals","Error Prone","AvoidTrailingComma"
"17","","pfaa/focalboard/linux/webapp/webpack.common.js","1","32","AvoidTrailingComma: Avoid trailing commas in object or array literals","Error Prone","AvoidTrailingComma"
"18","","pfaa/focalboard/linux/webapp/webpack.common.js","1","33","AvoidTrailingComma: Avoid trailing commas in object or array literals","Error Prone","AvoidTrailingComma"
"19","","pfaa/focalboard/linux/webapp/webpack.common.js","1","34","AvoidTrailingComma: Avoid trailing commas in object or array literals","Error Prone","AvoidTrailingComma"
"20","","pfaa/focalboard/linux/webapp/webpack.common.js","1","45","AvoidTrailingComma: Avoid trailing commas in object or array literals","Error Prone","AvoidTrailingComma"
"21","","pfaa/focalboard/linux/webapp/webpack.common.js","1","49","AvoidTrailingComma: Avoid trailing commas in object or array literals","Error Prone","AvoidTrailingComma"
"22","","pfaa/focalboard/linux/webapp/webpack.common.js","1","51","AvoidTrailingComma: Avoid trailing commas in object or array literals","Error Prone","AvoidTrailingComma"
"23","","pfaa/focalboard/linux/webapp/webpack.common.js","1","57","AvoidTrailingComma: Avoid trailing commas in object or array literals","Error Prone","AvoidTrailingComma"
"24","","pfaa/focalboard/linux/webapp/webpack.common.js","1","59","AvoidTrailingComma: Avoid trailing commas in object or array literals","Error Prone","AvoidTrailingComma"
"25","","pfaa/focalboard/linux/webapp/webpack.common.js","1","64","AvoidTrailingComma: Avoid trailing commas in object or array literals","Error Prone","AvoidTrailingComma"
"26","","pfaa/focalboard/linux/webapp/webpack.common.js","1","70","AvoidTrailingComma: Avoid trailing commas in object or array literals","Error Prone","AvoidTrailingComma"
"27","","pfaa/focalboard/linux/webapp/webpack.common.js","1","73","AvoidTrailingComma: Avoid trailing commas in object or array literals","Error Prone","AvoidTrailingComma"
"28","","pfaa/focalboard/linux/webapp/webpack.common.js","1","79","AvoidTrailingComma: Avoid trailing commas in object or array literals","Error Prone","AvoidTrailingComma"
"29","","pfaa/focalboard/linux/webapp/webpack.common.js","1","80","AvoidTrailingComma: Avoid trailing commas in object or array literals","Error Prone","AvoidTrailingComma"
"30","","pfaa/focalboard/linux/webapp/webpack.common.js","1","87","AvoidTrailingComma: Avoid trailing commas in object or array literals","Error Prone","AvoidTrailingComma"
"31","","pfaa/focalboard/linux/webapp/webpack.common.js","1","88","AvoidTrailingComma: Avoid trailing commas in object or array literals","Error Prone","AvoidTrailingComma"
"32","","pfaa/focalboard/linux/webapp/webpack.common.js","1","89","AvoidTrailingComma: Avoid trailing commas in object or array literals","Error Prone","AvoidTrailingComma"
"33","","pfaa/focalboard/linux/webapp/webpack.common.js","1","93","AvoidTrailingComma: Avoid trailing commas in object or array literals","Error Prone","AvoidTrailingComma"
"34","","pfaa/focalboard/linux/webapp/webpack.common.js","1","104","AvoidTrailingComma: Avoid trailing commas in object or array literals","Error Prone","AvoidTrailingComma"
"35","","pfaa/focalboard/linux/webapp/webpack.common.js","1","114","GlobalVariable: Avoid using global variables","Best Practices","GlobalVariable"
"36","","pfaa/focalboard/linux/webapp/webpack.dev.js","1","9","AvoidTrailingComma: Avoid trailing commas in object or array literals","Error Prone","AvoidTrailingComma"
"37","","pfaa/focalboard/linux/webapp/webpack.dev.js","1","12","AvoidTrailingComma: Avoid trailing commas in object or array literals","Error Prone","AvoidTrailingComma"
"38","","pfaa/focalboard/linux/webapp/webpack.dev.js","1","17","AvoidTrailingComma: Avoid trailing commas in object or array literals","Error Prone","AvoidTrailingComma"
"39","","pfaa/focalboard/linux/webapp/webpack.dev.js","1","18","AvoidTrailingComma: Avoid trailing commas in object or array literals","Error Prone","AvoidTrailingComma"
"40","","pfaa/focalboard/linux/webapp/webpack.dev.js","1","20","AvoidTrailingComma: Avoid trailing commas in object or array literals","Error Prone","AvoidTrailingComma"
"41","","pfaa/focalboard/linux/webapp/webpack.editor.js","1","12","AvoidTrailingComma: Avoid trailing commas in object or array literals","Error Prone","AvoidTrailingComma"
"42","","pfaa/focalboard/linux/webapp/webpack.editor.js","1","15","AvoidTrailingComma: Avoid trailing commas in object or array literals","Error Prone","AvoidTrailingComma"
"43","","pfaa/focalboard/linux/webapp/webpack.editor.js","1","18","AvoidTrailingComma: Avoid trailing commas in object or array literals","Error Prone","AvoidTrailingComma"
"44","","pfaa/focalboard/linux/webapp/webpack.editor.js","1","23","AvoidTrailingComma: Avoid trailing commas in object or array literals","Error Prone","AvoidTrailingComma"
"45","","pfaa/focalboard/linux/webapp/webpack.editor.js","1","24","AvoidTrailingComma: Avoid trailing commas in object or array literals","Error Prone","AvoidTrailingComma"
"46","","pfaa/focalboard/linux/webapp/webpack.editor.js","1","25","AvoidTrailingComma: Avoid trailing commas in object or array literals","Error Prone","AvoidTrailingComma"
"47","","pfaa/focalboard/linux/webapp/webpack.editor.js","1","29","AvoidTrailingComma: Avoid trailing commas in object or array literals","Error Prone","AvoidTrailingComma"
"48","","pfaa/focalboard/linux/webapp/webpack.editor.js","1","41","AvoidTrailingComma: Avoid trailing commas in object or array literals","Error Prone","AvoidTrailingComma"
"49","","pfaa/focalboard/linux/webapp/webpack.editor.js","1","42","AvoidTrailingComma: Avoid trailing commas in object or array literals","Error Prone","AvoidTrailingComma"
"50","","pfaa/focalboard/linux/webapp/webpack.editor.js","1","44","AvoidTrailingComma: Avoid trailing commas in object or array literals","Error Prone","AvoidTrailingComma"
"51","","pfaa/focalboard/linux/webapp/webpack.prod.js","1","10","AvoidTrailingComma: Avoid trailing commas in object or array literals","Error Prone","AvoidTrailingComma"
"52","","pfaa/focalboard/linux/webapp/webpack.prod.js","1","12","AvoidTrailingComma: Avoid trailing commas in object or array literals","Error Prone","AvoidTrailingComma"
"53","","pfaa/focalboard/linux/webapp/webpack.prod.js","1","18","AvoidTrailingComma: Avoid trailing commas in object or array literals","Error Prone","AvoidTrailingComma"
"54","","pfaa/focalboard/mac/Focalboard/AppDelegate.swift","2","41","ProhibitedInterfaceBuilder: Creating views using Interface Builder should be avoided.","Best Practices","ProhibitedInterfaceBuilder"
"55","","pfaa/focalboard/mac/Focalboard/AppDelegate.swift","3","43","ForceCast: Force casts should be avoided.","Error Prone","ForceCast"
"56","","pfaa/focalboard/mac/Focalboard/AppDelegate.swift","2","54","ProhibitedInterfaceBuilder: Creating views using Interface Builder should be avoided.","Best Practices","ProhibitedInterfaceBuilder"
"57","","pfaa/focalboard/mac/Focalboard/AppDelegate.swift","3","60","ForceCast: Force casts should be avoided.","Error Prone","ForceCast"
"58","","pfaa/focalboard/mac/Focalboard/AppDelegate.swift","2","69","ProhibitedInterfaceBuilder: Creating views using Interface Builder should be avoided.","Best Practices","ProhibitedInterfaceBuilder"
"59","","pfaa/focalboard/mattermost-plugin/webapp/babel.config.js","1","4","AvoidTrailingComma: Avoid trailing commas in object or array literals","Error Prone","AvoidTrailingComma"
"60","","pfaa/focalboard/mattermost-plugin/webapp/babel.config.js","1","5","AvoidTrailingComma: Avoid trailing commas in object or array literals","Error Prone","AvoidTrailingComma"
"61","","pfaa/focalboard/mattermost-plugin/webapp/babel.config.js","1","6","AvoidTrailingComma: Avoid trailing commas in object or array literals","Error Prone","AvoidTrailingComma"
"62","","pfaa/focalboard/mattermost-plugin/webapp/babel.config.js","1","7","AvoidTrailingComma: Avoid trailing commas in object or array literals","Error Prone","AvoidTrailingComma"
"63","","pfaa/focalboard/mattermost-plugin/webapp/babel.config.js","1","19","AvoidTrailingComma: Avoid trailing commas in object or array literals","Error Prone","AvoidTrailingComma"
"64","","pfaa/focalboard/mattermost-plugin/webapp/babel.config.js","1","22","AvoidTrailingComma: Avoid trailing commas in object or array literals","Error Prone","AvoidTrailingComma"
"65","","pfaa/focalboard/mattermost-plugin/webapp/babel.config.js","1","27","AvoidTrailingComma: Avoid trailing commas in object or array literals","Error Prone","AvoidTrailingComma"
"66","","pfaa/focalboard/mattermost-plugin/webapp/babel.config.js","1","37","AvoidTrailingComma: Avoid trailing commas in object or array literals","Error Prone","AvoidTrailingComma"
"67","","pfaa/focalboard/mattermost-plugin/webapp/babel.config.js","1","38","AvoidTrailingComma: Avoid trailing commas in object or array literals","Error Prone","AvoidTrailingComma"
"68","","pfaa/focalboard/mattermost-plugin/webapp/babel.config.js","1","45","GlobalVariable: Avoid using global variables","Best Practices","GlobalVariable"
"69","","pfaa/focalboard/mattermost-plugin/webapp/webpack.config.js","1","21","GlobalVariable: Avoid using global variables","Best Practices","GlobalVariable"
"70","","pfaa/focalboard/mattermost-plugin/webapp/webpack.config.js","1","22","GlobalVariable: Avoid using global variables","Best Practices","GlobalVariable"
"71","","pfaa/focalboard/mattermost-plugin/webapp/webpack.config.js","1","24","AvoidTrailingComma: Avoid trailing commas in object or array literals","Error Prone","AvoidTrailingComma"
"72","","pfaa/focalboard/mattermost-plugin/webapp/webpack.config.js","1","31","AvoidTrailingComma: Avoid trailing commas in object or array literals","Error Prone","AvoidTrailingComma"
"73","","pfaa/focalboard/mattermost-plugin/webapp/webpack.config.js","1","40","GlobalVariable: Avoid using global variables","Best Practices","GlobalVariable"
"74","","pfaa/focalboard/mattermost-plugin/webapp/webpack.config.js","1","55","AvoidTrailingComma: Avoid trailing commas in object or array literals","Error Prone","AvoidTrailingComma"
"75","","pfaa/focalboard/mattermost-plugin/webapp/webpack.config.js","1","57","AvoidTrailingComma: Avoid trailing commas in object or array literals","Error Prone","AvoidTrailingComma"
"76","","pfaa/focalboard/mattermost-plugin/webapp/webpack.config.js","1","58","AvoidTrailingComma: Avoid trailing commas in object or array literals","Error Prone","AvoidTrailingComma"
"77","","pfaa/focalboard/mattermost-plugin/webapp/webpack.config.js","1","63","AvoidTrailingComma: Avoid trailing commas in object or array literals","Error Prone","AvoidTrailingComma"
"78","","pfaa/focalboard/mattermost-plugin/webapp/webpack.config.js","1","68","AvoidTrailingComma: Avoid trailing commas in object or array literals","Error Prone","AvoidTrailingComma"
"79","","pfaa/focalboard/mattermost-plugin/webapp/webpack.config.js","1","69","AvoidTrailingComma: Avoid trailing commas in object or array literals","Error Prone","AvoidTrailingComma"
"80","","pfaa/focalboard/mattermost-plugin/webapp/webpack.config.js","1","70","AvoidTrailingComma: Avoid trailing commas in object or array literals","Error Prone","AvoidTrailingComma"
"81","","pfaa/focalboard/mattermost-plugin/webapp/webpack.config.js","1","72","AvoidTrailingComma: Avoid trailing commas in object or array literals","Error Prone","AvoidTrailingComma"
"82","","pfaa/focalboard/mattermost-plugin/webapp/webpack.config.js","1","74","AvoidTrailingComma: Avoid trailing commas in object or array literals","Error Prone","AvoidTrailingComma"
"83","","pfaa/focalboard/mattermost-plugin/webapp/webpack.config.js","1","75","AvoidTrailingComma: Avoid trailing commas in object or array literals","Error Prone","AvoidTrailingComma"
"84","","pfaa/focalboard/mattermost-plugin/webapp/webpack.config.js","1","76","AvoidTrailingComma: Avoid trailing commas in object or array literals","Error Prone","AvoidTrailingComma"
"85","","pfaa/focalboard/mattermost-plugin/webapp/webpack.config.js","1","77","AvoidTrailingComma: Avoid trailing commas in object or array literals","Error Prone","AvoidTrailingComma"
"86","","pfaa/focalboard/mattermost-plugin/webapp/webpack.config.js","1","88","AvoidTrailingComma: Avoid trailing commas in object or array literals","Error Prone","AvoidTrailingComma"
"87","","pfaa/focalboard/mattermost-plugin/webapp/webpack.config.js","1","92","AvoidTrailingComma: Avoid trailing commas in object or array literals","Error Prone","AvoidTrailingComma"
"88","","pfaa/focalboard/mattermost-plugin/webapp/webpack.config.js","1","94","AvoidTrailingComma: Avoid trailing commas in object or array literals","Error Prone","AvoidTrailingComma"
"89","","pfaa/focalboard/mattermost-plugin/webapp/webpack.config.js","1","101","AvoidTrailingComma: Avoid trailing commas in object or array literals","Error Prone","AvoidTrailingComma"
"90","","pfaa/focalboard/mattermost-plugin/webapp/webpack.config.js","1","103","AvoidTrailingComma: Avoid trailing commas in object or array literals","Error Prone","AvoidTrailingComma"
"91","","pfaa/focalboard/mattermost-plugin/webapp/webpack.config.js","1","108","AvoidTrailingComma: Avoid trailing commas in object or array literals","Error Prone","AvoidTrailingComma"
"92","","pfaa/focalboard/mattermost-plugin/webapp/webpack.config.js","1","117","AvoidTrailingComma: Avoid trailing commas in object or array literals","Error Prone","AvoidTrailingComma"
"93","","pfaa/focalboard/mattermost-plugin/webapp/webpack.config.js","1","125","AvoidTrailingComma: Avoid trailing commas in object or array literals","Error Prone","AvoidTrailingComma"
"94","","pfaa/focalboard/mattermost-plugin/webapp/webpack.config.js","1","161","AvoidTrailingComma: Avoid trailing commas in object or array literals","Error Prone","AvoidTrailingComma"
"95","","pfaa/focalboard/mattermost-plugin/webapp/webpack.config.js","1","164","AvoidTrailingComma: Avoid trailing commas in object or array literals","Error Prone","AvoidTrailingComma"
"96","","pfaa/focalboard/mattermost-plugin/webapp/webpack.config.js","1","170","AvoidTrailingComma: Avoid trailing commas in object or array literals","Error Prone","AvoidTrailingComma"
"97","","pfaa/focalboard/mattermost-plugin/webapp/webpack.config.js","1","174","AvoidTrailingComma: Avoid trailing commas in object or array literals","Error Prone","AvoidTrailingComma"
"98","","pfaa/focalboard/mattermost-plugin/webapp/webpack.config.js","1","184","AvoidTrailingComma: Avoid trailing commas in object or array literals","Error Prone","AvoidTrailingComma"
"99","","pfaa/focalboard/mattermost-plugin/webapp/webpack.config.js","1","188","AvoidTrailingComma: Avoid trailing commas in object or array literals","Error Prone","AvoidTrailingComma"
"100","","pfaa/focalboard/mattermost-plugin/webapp/webpack.config.js","1","195","AvoidTrailingComma: Avoid trailing commas in object or array literals","Error Prone","AvoidTrailingComma"
"101","","pfaa/focalboard/mattermost-plugin/webapp/webpack.config.js","1","205","AvoidTrailingComma: Avoid trailing commas in object or array literals","Error Prone","AvoidTrailingComma"
"102","","pfaa/focalboard/mattermost-plugin/webapp/webpack.config.js","1","213","GlobalVariable: Avoid using global variables","Best Practices","GlobalVariable"
"103","","pfaa/focalboard/mattermost-plugin/webapp/webpack.config.js","1","217","AvoidTrailingComma: Avoid trailing commas in object or array literals","Error Prone","AvoidTrailingComma"
"104","","pfaa/focalboard/mattermost-plugin/webapp/webpack.config.js","1","245","GlobalVariable: Avoid using global variables","Best Practices","GlobalVariable"
"105","","pfaa/focalboard/server/services/store/sqlstore/migrations/000002_system_settings_table.up.sql","3","2","AvoidTabCharacter: Tab characters are not allowed. Use spaces for indentation","Code Style","AvoidTabCharacter"
"106","","pfaa/focalboard/server/services/store/sqlstore/migrations/000004_auth_table.up.sql","3","2","AvoidTabCharacter: Tab characters are not allowed. Use spaces for indentation","Code Style","AvoidTabCharacter"
"107","","pfaa/focalboard/server/services/store/sqlstore/migrations/000006_sharing_table.up.sql","3","2","AvoidTabCharacter: Tab characters are not allowed. Use spaces for indentation","Code Style","AvoidTabCharacter"
"108","","pfaa/focalboard/server/services/store/sqlstore/migrations/000007_workspaces_table.up.sql","3","2","AvoidTabCharacter: Tab characters are not allowed. Use spaces for indentation","Code Style","AvoidTabCharacter"
"109","","pfaa/focalboard/server/services/store/sqlstore/migrations/000016_subscriptions_table.up.sql","3","2","AvoidTabCharacter: Tab characters are not allowed. Use spaces for indentation","Code Style","AvoidTabCharacter"
"110","","pfaa/focalboard/server/services/store/sqlstore/migrationstests/fixtures/test27MigrateUserPropsToPreferences.sql","3","4","LineLength: The line is too long. Only 80 characters are allowed.","Code Style","LineLength"
"111","","pfaa/focalboard/server/swagger/docs/html/index.html","3","1411","AvoidInlineStyles: Avoid inline styles","Best Practices","AvoidInlineStyles"
"112","","pfaa/focalboard/server/swagger/docs/html/index.html","3","1443","AvoidInlineStyles: Avoid inline styles","Best Practices","AvoidInlineStyles"
"113","","pfaa/focalboard/server/swagger/docs/html/index.html","3","1443","AvoidInlineStyles: Avoid inline styles","Best Practices","AvoidInlineStyles"
"114","","pfaa/focalboard/server/swagger/docs/html/index.html","3","1513","AvoidInlineStyles: Avoid inline styles","Best Practices","AvoidInlineStyles"
"115","","pfaa/focalboard/server/swagger/docs/html/index.html","3","1570","AvoidInlineStyles: Avoid inline styles","Best Practices","AvoidInlineStyles"
"116","","pfaa/focalboard/server/swagger/docs/html/index.html","3","1597","AvoidInlineStyles: Avoid inline styles","Best Practices","AvoidInlineStyles"
"117","","pfaa/focalboard/server/swagger/docs/html/index.html","3","1910","AvoidInlineStyles: Avoid inline styles","Best Practices","AvoidInlineStyles"
"118","","pfaa/focalboard/server/swagger/docs/html/index.html","3","1960","AvoidInlineStyles: Avoid inline styles","Best Practices","AvoidInlineStyles"
"119","","pfaa/focalboard/server/swagger/docs/html/index.html","3","1987","AvoidInlineStyles: Avoid inline styles","Best Practices","AvoidInlineStyles"
"120","","pfaa/focalboard/server/swagger/docs/html/index.html","3","2300","AvoidInlineStyles: Avoid inline styles","Best Practices","AvoidInlineStyles"
"121","","pfaa/focalboard/server/swagger/docs/html/index.html","3","2350","AvoidInlineStyles: Avoid inline styles","Best Practices","AvoidInlineStyles"
"122","","pfaa/focalboard/server/swagger/docs/html/index.html","3","2377","AvoidInlineStyles: Avoid inline styles","Best Practices","AvoidInlineStyles"
"123","","pfaa/focalboard/server/swagger/docs/html/index.html","3","2701","AvoidInlineStyles: Avoid inline styles","Best Practices","AvoidInlineStyles"
"124","","pfaa/focalboard/server/swagger/docs/html/index.html","3","2734","AvoidInlineStyles: Avoid inline styles","Best Practices","AvoidInlineStyles"
"125","","pfaa/focalboard/server/swagger/docs/html/index.html","3","2784","AvoidInlineStyles: Avoid inline styles","Best Practices","AvoidInlineStyles"
"126","","pfaa/focalboard/server/swagger/docs/html/index.html","3","2811","AvoidInlineStyles: Avoid inline styles","Best Practices","AvoidInlineStyles"
"127","","pfaa/focalboard/server/swagger/docs/html/index.html","3","3133","AvoidInlineStyles: Avoid inline styles","Best Practices","AvoidInlineStyles"
"128","","pfaa/focalboard/server/swagger/docs/html/index.html","3","3165","AvoidInlineStyles: Avoid inline styles","Best Practices","AvoidInlineStyles"
"129","","pfaa/focalboard/server/swagger/docs/html/index.html","3","3165","AvoidInlineStyles: Avoid inline styles","Best Practices","AvoidInlineStyles"
"130","","pfaa/focalboard/server/swagger/docs/html/index.html","3","3230","AvoidInlineStyles: Avoid inline styles","Best Practices","AvoidInlineStyles"
"131","","pfaa/focalboard/server/swagger/docs/html/index.html","3","3257","AvoidInlineStyles: Avoid inline styles","Best Practices","AvoidInlineStyles"
"132","","pfaa/focalboard/server/swagger/docs/html/index.html","3","3319","AvoidInlineStyles: Avoid inline styles","Best Practices","AvoidInlineStyles"
"133","","pfaa/focalboard/server/swagger/docs/html/index.html","3","3656","AvoidInlineStyles: Avoid inline styles","Best Practices","AvoidInlineStyles"
"134","","pfaa/focalboard/server/swagger/docs/html/index.html","3","3719","AvoidInlineStyles: Avoid inline styles","Best Practices","AvoidInlineStyles"
"135","","pfaa/focalboard/server/swagger/docs/html/index.html","3","4042","AvoidInlineStyles: Avoid inline styles","Best Practices","AvoidInlineStyles"
"136","","pfaa/focalboard/server/swagger/docs/html/index.html","3","4042","AvoidInlineStyles: Avoid inline styles","Best Practices","AvoidInlineStyles"
"137","","pfaa/focalboard/server/swagger/docs/html/index.html","3","4112","AvoidInlineStyles: Avoid inline styles","Best Practices","AvoidInlineStyles"
"138","","pfaa/focalboard/server/swagger/docs/html/index.html","3","4174","AvoidInlineStyles: Avoid inline styles","Best Practices","AvoidInlineStyles"
"139","","pfaa/focalboard/server/swagger/docs/html/index.html","3","4520","AvoidInlineStyles: Avoid inline styles","Best Practices","AvoidInlineStyles"
"140","","pfaa/focalboard/server/swagger/docs/html/index.html","3","4552","AvoidInlineStyles: Avoid inline styles","Best Practices","AvoidInlineStyles"
"141","","pfaa/focalboard/server/swagger/docs/html/index.html","3","4552","AvoidInlineStyles: Avoid inline styles","Best Practices","AvoidInlineStyles"
"142","","pfaa/focalboard/server/swagger/docs/html/index.html","3","4601","AvoidInlineStyles: Avoid inline styles","Best Practices","AvoidInlineStyles"
"143","","pfaa/focalboard/server/swagger/docs/html/index.html","3","4649","AvoidInlineStyles: Avoid inline styles","Best Practices","AvoidInlineStyles"
"144","","pfaa/focalboard/server/swagger/docs/html/index.html","3","4711","AvoidInlineStyles: Avoid inline styles","Best Practices","AvoidInlineStyles"
"145","","pfaa/focalboard/server/swagger/docs/html/index.html","3","5042","AvoidInlineStyles: Avoid inline styles","Best Practices","AvoidInlineStyles"
"146","","pfaa/focalboard/server/swagger/docs/html/index.html","3","5074","AvoidInlineStyles: Avoid inline styles","Best Practices","AvoidInlineStyles"
"147","","pfaa/focalboard/server/swagger/docs/html/index.html","3","5074","AvoidInlineStyles: Avoid inline styles","Best Practices","AvoidInlineStyles"
"148","","pfaa/focalboard/server/swagger/docs/html/index.html","3","5144","AvoidInlineStyles: Avoid inline styles","Best Practices","AvoidInlineStyles"
"149","","pfaa/focalboard/server/swagger/docs/html/index.html","3","5206","AvoidInlineStyles: Avoid inline styles","Best Practices","AvoidInlineStyles"
"150","","pfaa/focalboard/server/swagger/docs/html/index.html","3","5532","AvoidInlineStyles: Avoid inline styles","Best Practices","AvoidInlineStyles"
"151","","pfaa/focalboard/server/swagger/docs/html/index.html","3","5532","AvoidInlineStyles: Avoid inline styles","Best Practices","AvoidInlineStyles"
"152","","pfaa/focalboard/server/swagger/docs/html/index.html","3","5602","AvoidInlineStyles: Avoid inline styles","Best Practices","AvoidInlineStyles"
"153","","pfaa/focalboard/server/swagger/docs/html/index.html","3","5664","AvoidInlineStyles: Avoid inline styles","Best Practices","AvoidInlineStyles"
"154","","pfaa/focalboard/server/swagger/docs/html/index.html","3","5996","AvoidInlineStyles: Avoid inline styles","Best Practices","AvoidInlineStyles"
"155","","pfaa/focalboard/server/swagger/docs/html/index.html","3","6019","AvoidInlineStyles: Avoid inline styles","Best Practices","AvoidInlineStyles"
"156","","pfaa/focalboard/server/swagger/docs/html/index.html","3","6053","AvoidInlineStyles: Avoid inline styles","Best Practices","AvoidInlineStyles"
"157","","pfaa/focalboard/server/swagger/docs/html/index.html","3","6096","AvoidInlineStyles: Avoid inline styles","Best Practices","AvoidInlineStyles"
"158","","pfaa/focalboard/server/swagger/docs/html/index.html","3","6118","AvoidInlineStyles: Avoid inline styles","Best Practices","AvoidInlineStyles"
"159","","pfaa/focalboard/server/swagger/docs/html/index.html","3","6145","AvoidInlineStyles: Avoid inline styles","Best Practices","AvoidInlineStyles"
"160","","pfaa/focalboard/server/swagger/docs/html/index.html","3","6455","AvoidInlineStyles: Avoid inline styles","Best Practices","AvoidInlineStyles"
"161","","pfaa/focalboard/server/swagger/docs/html/index.html","3","6505","AvoidInlineStyles: Avoid inline styles","Best Practices","AvoidInlineStyles"
"162","","pfaa/focalboard/server/swagger/docs/html/index.html","3","6527","AvoidInlineStyles: Avoid inline styles","Best Practices","AvoidInlineStyles"
"163","","pfaa/focalboard/server/swagger/docs/html/index.html","3","6554","AvoidInlineStyles: Avoid inline styles","Best Practices","AvoidInlineStyles"
"164","","pfaa/focalboard/server/swagger/docs/html/index.html","3","6868","AvoidInlineStyles: Avoid inline styles","Best Practices","AvoidInlineStyles"
"165","","pfaa/focalboard/server/swagger/docs/html/index.html","3","6868","AvoidInlineStyles: Avoid inline styles","Best Practices","AvoidInlineStyles"
"166","","pfaa/focalboard/server/swagger/docs/html/index.html","3","6933","AvoidInlineStyles: Avoid inline styles","Best Practices","AvoidInlineStyles"
"167","","pfaa/focalboard/server/swagger/docs/html/index.html","3","6960","AvoidInlineStyles: Avoid inline styles","Best Practices","AvoidInlineStyles"
"168","","pfaa/focalboard/server/swagger/docs/html/index.html","3","7280","AvoidInlineStyles: Avoid inline styles","Best Practices","AvoidInlineStyles"
"169","","pfaa/focalboard/server/swagger/docs/html/index.html","3","7303","AvoidInlineStyles: Avoid inline styles","Best Practices","AvoidInlineStyles"
"170","","pfaa/focalboard/server/swagger/docs/html/index.html","3","7353","AvoidInlineStyles: Avoid inline styles","Best Practices","AvoidInlineStyles"
"171","","pfaa/focalboard/server/swagger/docs/html/index.html","3","7380","AvoidInlineStyles: Avoid inline styles","Best Practices","AvoidInlineStyles"
"172","","pfaa/focalboard/server/swagger/docs/html/index.html","3","7700","AvoidInlineStyles: Avoid inline styles","Best Practices","AvoidInlineStyles"
"173","","pfaa/focalboard/server/swagger/docs/html/index.html","3","7723","AvoidInlineStyles: Avoid inline styles","Best Practices","AvoidInlineStyles"
"174","","pfaa/focalboard/server/swagger/docs/html/index.html","3","7773","AvoidInlineStyles: Avoid inline styles","Best Practices","AvoidInlineStyles"
"175","","pfaa/focalboard/server/swagger/docs/html/index.html","3","7795","AvoidInlineStyles: Avoid inline styles","Best Practices","AvoidInlineStyles"
"176","","pfaa/focalboard/server/swagger/docs/html/index.html","3","7822","AvoidInlineStyles: Avoid inline styles","Best Practices","AvoidInlineStyles"
"177","","pfaa/focalboard/server/swagger/docs/html/index.html","3","8145","AvoidInlineStyles: Avoid inline styles","Best Practices","AvoidInlineStyles"
"178","","pfaa/focalboard/server/swagger/docs/html/index.html","3","8168","AvoidInlineStyles: Avoid inline styles","Best Practices","AvoidInlineStyles"
"179","","pfaa/focalboard/server/swagger/docs/html/index.html","3","8218","AvoidInlineStyles: Avoid inline styles","Best Practices","AvoidInlineStyles"
"180","","pfaa/focalboard/server/swagger/docs/html/index.html","3","8245","AvoidInlineStyles: Avoid inline styles","Best Practices","AvoidInlineStyles"
"181","","pfaa/focalboard/server/swagger/docs/html/index.html","3","8574","AvoidInlineStyles: Avoid inline styles","Best Practices","AvoidInlineStyles"
"182","","pfaa/focalboard/server/swagger/docs/html/index.html","3","8597","AvoidInlineStyles: Avoid inline styles","Best Practices","AvoidInlineStyles"
"183","","pfaa/focalboard/server/swagger/docs/html/index.html","3","8652","AvoidInlineStyles: Avoid inline styles","Best Practices","AvoidInlineStyles"
"184","","pfaa/focalboard/server/swagger/docs/html/index.html","3","8709","AvoidInlineStyles: Avoid inline styles","Best Practices","AvoidInlineStyles"
"185","","pfaa/focalboard/server/swagger/docs/html/index.html","3","8736","AvoidInlineStyles: Avoid inline styles","Best Practices","AvoidInlineStyles"
"186","","pfaa/focalboard/server/swagger/docs/html/index.html","3","9055","AvoidInlineStyles: Avoid inline styles","Best Practices","AvoidInlineStyles"
"187","","pfaa/focalboard/server/swagger/docs/html/index.html","3","9110","AvoidInlineStyles: Avoid inline styles","Best Practices","AvoidInlineStyles"
"188","","pfaa/focalboard/server/swagger/docs/html/index.html","3","9168","AvoidInlineStyles: Avoid inline styles","Best Practices","AvoidInlineStyles"
"189","","pfaa/focalboard/server/swagger/docs/html/index.html","3","9195","AvoidInlineStyles: Avoid inline styles","Best Practices","AvoidInlineStyles"
"190","","pfaa/focalboard/server/swagger/docs/html/index.html","3","9536","AvoidInlineStyles: Avoid inline styles","Best Practices","AvoidInlineStyles"
"191","","pfaa/focalboard/server/swagger/docs/html/index.html","3","9570","AvoidInlineStyles: Avoid inline styles","Best Practices","AvoidInlineStyles"
"192","","pfaa/focalboard/server/swagger/docs/html/index.html","3","9590","AvoidInlineStyles: Avoid inline styles","Best Practices","AvoidInlineStyles"
"193","","pfaa/focalboard/server/swagger/docs/html/index.html","3","9638","AvoidInlineStyles: Avoid inline styles","Best Practices","AvoidInlineStyles"
"194","","pfaa/focalboard/server/swagger/docs/html/index.html","3","9695","AvoidInlineStyles: Avoid inline styles","Best Practices","AvoidInlineStyles"
"195","","pfaa/focalboard/server/swagger/docs/html/index.html","3","9722","AvoidInlineStyles: Avoid inline styles","Best Practices","AvoidInlineStyles"
"196","","pfaa/focalboard/server/swagger/docs/html/index.html","3","10041","AvoidInlineStyles: Avoid inline styles","Best Practices","AvoidInlineStyles"
"197","","pfaa/focalboard/server/swagger/docs/html/index.html","3","10096","AvoidInlineStyles: Avoid inline styles","Best Practices","AvoidInlineStyles"
"198","","pfaa/focalboard/server/swagger/docs/html/index.html","3","10153","AvoidInlineStyles: Avoid inline styles","Best Practices","AvoidInlineStyles"
"199","","pfaa/focalboard/server/swagger/docs/html/index.html","3","10180","AvoidInlineStyles: Avoid inline styles","Best Practices","AvoidInlineStyles"
"200","","pfaa/focalboard/server/swagger/docs/html/index.html","3","10499","AvoidInlineStyles: Avoid inline styles","Best Practices","AvoidInlineStyles"
"201","","pfaa/focalboard/server/swagger/docs/html/index.html","3","10554","AvoidInlineStyles: Avoid inline styles","Best Practices","AvoidInlineStyles"
"202","","pfaa/focalboard/server/swagger/docs/html/index.html","3","10611","AvoidInlineStyles: Avoid inline styles","Best Practices","AvoidInlineStyles"
"203","","pfaa/focalboard/server/swagger/docs/html/index.html","3","10633","AvoidInlineStyles: Avoid inline styles","Best Practices","AvoidInlineStyles"
"204","","pfaa/focalboard/server/swagger/docs/html/index.html","3","10660","AvoidInlineStyles: Avoid inline styles","Best Practices","AvoidInlineStyles"
"205","","pfaa/focalboard/server/swagger/docs/html/index.html","3","10979","AvoidInlineStyles: Avoid inline styles","Best Practices","AvoidInlineStyles"
"206","","pfaa/focalboard/server/swagger/docs/html/index.html","3","11034","AvoidInlineStyles: Avoid inline styles","Best Practices","AvoidInlineStyles"
"207","","pfaa/focalboard/server/swagger/docs/html/index.html","3","11096","AvoidInlineStyles: Avoid inline styles","Best Practices","AvoidInlineStyles"
"208","","pfaa/focalboard/server/swagger/docs/html/index.html","3","11418","AvoidInlineStyles: Avoid inline styles","Best Practices","AvoidInlineStyles"
"209","","pfaa/focalboard/server/swagger/docs/html/index.html","3","11473","AvoidInlineStyles: Avoid inline styles","Best Practices","AvoidInlineStyles"
"210","","pfaa/focalboard/server/swagger/docs/html/index.html","3","11535","AvoidInlineStyles: Avoid inline styles","Best Practices","AvoidInlineStyles"
"211","","pfaa/focalboard/server/swagger/docs/html/index.html","3","11879","AvoidInlineStyles: Avoid inline styles","Best Practices","AvoidInlineStyles"
"212","","pfaa/focalboard/server/swagger/docs/html/index.html","3","11913","AvoidInlineStyles: Avoid inline styles","Best Practices","AvoidInlineStyles"
"213","","pfaa/focalboard/server/swagger/docs/html/index.html","3","11933","AvoidInlineStyles: Avoid inline styles","Best Practices","AvoidInlineStyles"
"214","","pfaa/focalboard/server/swagger/docs/html/index.html","3","11981","AvoidInlineStyles: Avoid inline styles","Best Practices","AvoidInlineStyles"
"215","","pfaa/focalboard/server/swagger/docs/html/index.html","3","12043","AvoidInlineStyles: Avoid inline styles","Best Practices","AvoidInlineStyles"
"216","","pfaa/focalboard/server/swagger/docs/html/index.html","3","12372","AvoidInlineStyles: Avoid inline styles","Best Practices","AvoidInlineStyles"
"217","","pfaa/focalboard/server/swagger/docs/html/index.html","3","12395","AvoidInlineStyles: Avoid inline styles","Best Practices","AvoidInlineStyles"
"218","","pfaa/focalboard/server/swagger/docs/html/index.html","3","12450","AvoidInlineStyles: Avoid inline styles","Best Practices","AvoidInlineStyles"
"219","","pfaa/focalboard/server/swagger/docs/html/index.html","3","12512","AvoidInlineStyles: Avoid inline styles","Best Practices","AvoidInlineStyles"
"220","","pfaa/focalboard/server/swagger/docs/html/index.html","3","12806","AvoidInlineStyles: Avoid inline styles","Best Practices","AvoidInlineStyles"
"221","","pfaa/focalboard/server/swagger/docs/html/index.html","3","12868","AvoidInlineStyles: Avoid inline styles","Best Practices","AvoidInlineStyles"
"222","","pfaa/focalboard/server/swagger/docs/html/index.html","3","13198","AvoidInlineStyles: Avoid inline styles","Best Practices","AvoidInlineStyles"
"223","","pfaa/focalboard/server/swagger/docs/html/index.html","3","13221","AvoidInlineStyles: Avoid inline styles","Best Practices","AvoidInlineStyles"
"224","","pfaa/focalboard/server/swagger/docs/html/index.html","3","13244","AvoidInlineStyles: Avoid inline styles","Best Practices","AvoidInlineStyles"
"225","","pfaa/focalboard/server/swagger/docs/html/index.html","3","13294","AvoidInlineStyles: Avoid inline styles","Best Practices","AvoidInlineStyles"
"226","","pfaa/focalboard/server/swagger/docs/html/index.html","3","13316","AvoidInlineStyles: Avoid inline styles","Best Practices","AvoidInlineStyles"
"227","","pfaa/focalboard/server/swagger/docs/html/index.html","3","13343","AvoidInlineStyles: Avoid inline styles","Best Practices","AvoidInlineStyles"
"228","","pfaa/focalboard/server/swagger/docs/html/index.html","3","13677","AvoidInlineStyles: Avoid inline styles","Best Practices","AvoidInlineStyles"
"229","","pfaa/focalboard/server/swagger/docs/html/index.html","3","13739","AvoidInlineStyles: Avoid inline styles","Best Practices","AvoidInlineStyles"
"230","","pfaa/focalboard/server/swagger/docs/html/index.html","3","14058","AvoidInlineStyles: Avoid inline styles","Best Practices","AvoidInlineStyles"
"231","","pfaa/focalboard/server/swagger/docs/html/index.html","3","14113","AvoidInlineStyles: Avoid inline styles","Best Practices","AvoidInlineStyles"
"232","","pfaa/focalboard/server/swagger/docs/html/index.html","3","14175","AvoidInlineStyles: Avoid inline styles","Best Practices","AvoidInlineStyles"
"233","","pfaa/focalboard/server/swagger/docs/html/index.html","3","14509","AvoidInlineStyles: Avoid inline styles","Best Practices","AvoidInlineStyles"
"234","","pfaa/focalboard/server/swagger/docs/html/index.html","3","14571","AvoidInlineStyles: Avoid inline styles","Best Practices","AvoidInlineStyles"
"235","","pfaa/focalboard/server/swagger/docs/html/index.html","3","14890","AvoidInlineStyles: Avoid inline styles","Best Practices","AvoidInlineStyles"
"236","","pfaa/focalboard/server/swagger/docs/html/index.html","3","14945","AvoidInlineStyles: Avoid inline styles","Best Practices","AvoidInlineStyles"
"237","","pfaa/focalboard/server/swagger/docs/html/index.html","3","15002","AvoidInlineStyles: Avoid inline styles","Best Practices","AvoidInlineStyles"
"238","","pfaa/focalboard/server/swagger/docs/html/index.html","3","15029","AvoidInlineStyles: Avoid inline styles","Best Practices","AvoidInlineStyles"
"239","","pfaa/focalboard/server/swagger/docs/html/index.html","3","15351","AvoidInlineStyles: Avoid inline styles","Best Practices","AvoidInlineStyles"
"240","","pfaa/focalboard/server/swagger/docs/html/index.html","3","15406","AvoidInlineStyles: Avoid inline styles","Best Practices","AvoidInlineStyles"
"241","","pfaa/focalboard/server/swagger/docs/html/index.html","3","15468","AvoidInlineStyles: Avoid inline styles","Best Practices","AvoidInlineStyles"
"242","","pfaa/focalboard/server/swagger/docs/html/index.html","3","15787","AvoidInlineStyles: Avoid inline styles","Best Practices","AvoidInlineStyles"
"243","","pfaa/focalboard/server/swagger/docs/html/index.html","3","15842","AvoidInlineStyles: Avoid inline styles","Best Practices","AvoidInlineStyles"
"244","","pfaa/focalboard/server/swagger/docs/html/index.html","3","15904","AvoidInlineStyles: Avoid inline styles","Best Practices","AvoidInlineStyles"
"245","","pfaa/focalboard/server/swagger/docs/html/index.html","3","16245","AvoidInlineStyles: Avoid inline styles","Best Practices","AvoidInlineStyles"
"246","","pfaa/focalboard/server/swagger/docs/html/index.html","3","16279","AvoidInlineStyles: Avoid inline styles","Best Practices","AvoidInlineStyles"
"247","","pfaa/focalboard/server/swagger/docs/html/index.html","3","16299","AvoidInlineStyles: Avoid inline styles","Best Practices","AvoidInlineStyles"
"248","","pfaa/focalboard/server/swagger/docs/html/index.html","3","16347","AvoidInlineStyles: Avoid inline styles","Best Practices","AvoidInlineStyles"
"249","","pfaa/focalboard/server/swagger/docs/html/index.html","3","16409","AvoidInlineStyles: Avoid inline styles","Best Practices","AvoidInlineStyles"
"250","","pfaa/focalboard/server/swagger/docs/html/index.html","3","16743","AvoidInlineStyles: Avoid inline styles","Best Practices","AvoidInlineStyles"
"251","","pfaa/focalboard/server/swagger/docs/html/index.html","3","16805","AvoidInlineStyles: Avoid inline styles","Best Practices","AvoidInlineStyles"
"252","","pfaa/focalboard/server/swagger/docs/html/index.html","3","17124","AvoidInlineStyles: Avoid inline styles","Best Practices","AvoidInlineStyles"
"253","","pfaa/focalboard/server/swagger/docs/html/index.html","3","17179","AvoidInlineStyles: Avoid inline styles","Best Practices","AvoidInlineStyles"
"254","","pfaa/focalboard/server/swagger/docs/html/index.html","3","17241","AvoidInlineStyles: Avoid inline styles","Best Practices","AvoidInlineStyles"
"255","","pfaa/focalboard/server/swagger/docs/html/index.html","3","17560","AvoidInlineStyles: Avoid inline styles","Best Practices","AvoidInlineStyles"
"256","","pfaa/focalboard/server/swagger/docs/html/index.html","3","17615","AvoidInlineStyles: Avoid inline styles","Best Practices","AvoidInlineStyles"
"257","","pfaa/focalboard/server/swagger/docs/html/index.html","3","17677","AvoidInlineStyles: Avoid inline styles","Best Practices","AvoidInlineStyles"
"258","","pfaa/focalboard/server/swagger/docs/html/index.html","3","18026","AvoidInlineStyles: Avoid inline styles","Best Practices","AvoidInlineStyles"
"259","","pfaa/focalboard/server/swagger/docs/html/index.html","3","18060","AvoidInlineStyles: Avoid inline styles","Best Practices","AvoidInlineStyles"
"260","","pfaa/focalboard/server/swagger/docs/html/index.html","3","18083","AvoidInlineStyles: Avoid inline styles","Best Practices","AvoidInlineStyles"
"261","","pfaa/focalboard/server/swagger/docs/html/index.html","3","18106","AvoidInlineStyles: Avoid inline styles","Best Practices","AvoidInlineStyles"
"262","","pfaa/focalboard/server/swagger/docs/html/index.html","3","18157","AvoidInlineStyles: Avoid inline styles","Best Practices","AvoidInlineStyles"
"263","","pfaa/focalboard/server/swagger/docs/html/index.html","3","18219","AvoidInlineStyles: Avoid inline styles","Best Practices","AvoidInlineStyles"
"264","","pfaa/focalboard/server/swagger/docs/html/index.html","3","18538","AvoidInlineStyles: Avoid inline styles","Best Practices","AvoidInlineStyles"
"265","","pfaa/focalboard/server/swagger/docs/html/index.html","3","18593","AvoidInlineStyles: Avoid inline styles","Best Practices","AvoidInlineStyles"
"266","","pfaa/focalboard/server/swagger/docs/html/index.html","3","18655","AvoidInlineStyles: Avoid inline styles","Best Practices","AvoidInlineStyles"
"267","","pfaa/focalboard/server/swagger/docs/html/index.html","3","18989","AvoidInlineStyles: Avoid inline styles","Best Practices","AvoidInlineStyles"
"268","","pfaa/focalboard/server/swagger/docs/html/index.html","3","19051","AvoidInlineStyles: Avoid inline styles","Best Practices","AvoidInlineStyles"
"269","","pfaa/focalboard/server/swagger/docs/html/index.html","3","19370","AvoidInlineStyles: Avoid inline styles","Best Practices","AvoidInlineStyles"
"270","","pfaa/focalboard/server/swagger/docs/html/index.html","3","19425","AvoidInlineStyles: Avoid inline styles","Best Practices","AvoidInlineStyles"
"271","","pfaa/focalboard/server/swagger/docs/html/index.html","3","19487","AvoidInlineStyles: Avoid inline styles","Best Practices","AvoidInlineStyles"
"272","","pfaa/focalboard/server/swagger/docs/html/index.html","3","19800","AvoidInlineStyles: Avoid inline styles","Best Practices","AvoidInlineStyles"
"273","","pfaa/focalboard/server/swagger/docs/html/index.html","3","19850","AvoidInlineStyles: Avoid inline styles","Best Practices","AvoidInlineStyles"
"274","","pfaa/focalboard/server/swagger/docs/html/index.html","3","19877","AvoidInlineStyles: Avoid inline styles","Best Practices","AvoidInlineStyles"
"275","","pfaa/focalboard/server/swagger/docs/html/index.html","3","20214","AvoidInlineStyles: Avoid inline styles","Best Practices","AvoidInlineStyles"
"276","","pfaa/focalboard/server/swagger/docs/html/index.html","3","20276","AvoidInlineStyles: Avoid inline styles","Best Practices","AvoidInlineStyles"
"277","","pfaa/focalboard/server/swagger/docs/html/index.html","3","20625","AvoidInlineStyles: Avoid inline styles","Best Practices","AvoidInlineStyles"
"278","","pfaa/focalboard/server/swagger/docs/html/index.html","3","20659","AvoidInlineStyles: Avoid inline styles","Best Practices","AvoidInlineStyles"
"279","","pfaa/focalboard/server/swagger/docs/html/index.html","3","20682","AvoidInlineStyles: Avoid inline styles","Best Practices","AvoidInlineStyles"
"280","","pfaa/focalboard/server/swagger/docs/html/index.html","3","20705","AvoidInlineStyles: Avoid inline styles","Best Practices","AvoidInlineStyles"
"281","","pfaa/focalboard/server/swagger/docs/html/index.html","3","20756","AvoidInlineStyles: Avoid inline styles","Best Practices","AvoidInlineStyles"
"282","","pfaa/focalboard/server/swagger/docs/html/index.html","3","20818","AvoidInlineStyles: Avoid inline styles","Best Practices","AvoidInlineStyles"
"283","","pfaa/focalboard/server/swagger/docs/html/index.html","3","21100","AvoidInlineStyles: Avoid inline styles","Best Practices","AvoidInlineStyles"
"284","","pfaa/focalboard/server/swagger/docs/html/index.html","3","21388","AvoidInlineStyles: Avoid inline styles","Best Practices","AvoidInlineStyles"
"285","","pfaa/focalboard/server/swagger/docs/html/index.html","3","21388","AvoidInlineStyles: Avoid inline styles","Best Practices","AvoidInlineStyles"
"286","","pfaa/focalboard/server/swagger/docs/html/index.html","3","21458","AvoidInlineStyles: Avoid inline styles","Best Practices","AvoidInlineStyles"
"287","","pfaa/focalboard/server/swagger/docs/html/index.html","3","21521","AvoidInlineStyles: Avoid inline styles","Best Practices","AvoidInlineStyles"
"288","","pfaa/focalboard/server/swagger/docs/html/index.html","3","21840","AvoidInlineStyles: Avoid inline styles","Best Practices","AvoidInlineStyles"
"289","","pfaa/focalboard/server/swagger/docs/html/index.html","3","21895","AvoidInlineStyles: Avoid inline styles","Best Practices","AvoidInlineStyles"
"290","","pfaa/focalboard/server/swagger/docs/html/index.html","3","21952","AvoidInlineStyles: Avoid inline styles","Best Practices","AvoidInlineStyles"
"291","","pfaa/focalboard/server/swagger/docs/html/index.html","3","21974","AvoidInlineStyles: Avoid inline styles","Best Practices","AvoidInlineStyles"
"292","","pfaa/focalboard/server/swagger/docs/html/index.html","3","22001","AvoidInlineStyles: Avoid inline styles","Best Practices","AvoidInlineStyles"
"293","","pfaa/focalboard/server/swagger/docs/html/index.html","3","22311","AvoidInlineStyles: Avoid inline styles","Best Practices","AvoidInlineStyles"
"294","","pfaa/focalboard/server/swagger/docs/html/index.html","3","22361","AvoidInlineStyles: Avoid inline styles","Best Practices","AvoidInlineStyles"
"295","","pfaa/focalboard/server/swagger/docs/html/index.html","3","22383","AvoidInlineStyles: Avoid inline styles","Best Practices","AvoidInlineStyles"
"296","","pfaa/focalboard/server/swagger/docs/html/index.html","3","22405","AvoidInlineStyles: Avoid inline styles","Best Practices","AvoidInlineStyles"
"297","","pfaa/focalboard/server/swagger/docs/html/index.html","3","22432","AvoidInlineStyles: Avoid inline styles","Best Practices","AvoidInlineStyles"
"298","","pfaa/focalboard/server/swagger/docs/html/index.html","3","22715","AvoidInlineStyles: Avoid inline styles","Best Practices","AvoidInlineStyles"
"299","","pfaa/focalboard/server/swagger/docs/html/index.html","3","22715","AvoidInlineStyles: Avoid inline styles","Best Practices","AvoidInlineStyles"
"300","","pfaa/focalboard/server/swagger/docs/html/index.html","3","22785","AvoidInlineStyles: Avoid inline styles","Best Practices","AvoidInlineStyles"
"301","","pfaa/focalboard/server/swagger/docs/html/index.html","3","22847","AvoidInlineStyles: Avoid inline styles","Best Practices","AvoidInlineStyles"
"302","","pfaa/focalboard/server/swagger/docs/html/index.html","3","22909","AvoidInlineStyles: Avoid inline styles","Best Practices","AvoidInlineStyles"
"303","","pfaa/focalboard/server/swagger/docs/html/index.html","3","23229","AvoidInlineStyles: Avoid inline styles","Best Practices","AvoidInlineStyles"
"304","","pfaa/focalboard/server/swagger/docs/html/index.html","3","23256","AvoidInlineStyles: Avoid inline styles","Best Practices","AvoidInlineStyles"
"305","","pfaa/focalboard/server/swagger/docs/html/index.html","3","23578","AvoidInlineStyles: Avoid inline styles","Best Practices","AvoidInlineStyles"
"306","","pfaa/focalboard/server/swagger/docs/html/index.html","3","23633","AvoidInlineStyles: Avoid inline styles","Best Practices","AvoidInlineStyles"
"307","","pfaa/focalboard/server/swagger/docs/html/index.html","3","23695","AvoidInlineStyles: Avoid inline styles","Best Practices","AvoidInlineStyles"
"308","","pfaa/focalboard/server/swagger/docs/html/index.html","3","24039","AvoidInlineStyles: Avoid inline styles","Best Practices","AvoidInlineStyles"
"309","","pfaa/focalboard/server/swagger/docs/html/index.html","3","24062","AvoidInlineStyles: Avoid inline styles","Best Practices","AvoidInlineStyles"
"310","","pfaa/focalboard/server/swagger/docs/html/index.html","3","24094","AvoidInlineStyles: Avoid inline styles","Best Practices","AvoidInlineStyles"
"311","","pfaa/focalboard/server/swagger/docs/html/index.html","3","24094","AvoidInlineStyles: Avoid inline styles","Best Practices","AvoidInlineStyles"
"312","","pfaa/focalboard/server/swagger/docs/html/index.html","3","24143","AvoidInlineStyles: Avoid inline styles","Best Practices","AvoidInlineStyles"
"313","","pfaa/focalboard/server/swagger/docs/html/index.html","3","24186","AvoidInlineStyles: Avoid inline styles","Best Practices","AvoidInlineStyles"
"314","","pfaa/focalboard/server/swagger/docs/html/index.html","3","24208","AvoidInlineStyles: Avoid inline styles","Best Practices","AvoidInlineStyles"
"315","","pfaa/focalboard/server/swagger/docs/html/index.html","3","24235","AvoidInlineStyles: Avoid inline styles","Best Practices","AvoidInlineStyles"
"316","","pfaa/focalboard/server/swagger/docs/html/index.html","3","24569","AvoidInlineStyles: Avoid inline styles","Best Practices","AvoidInlineStyles"
"317","","pfaa/focalboard/server/swagger/docs/html/index.html","3","24601","AvoidInlineStyles: Avoid inline styles","Best Practices","AvoidInlineStyles"
"318","","pfaa/focalboard/server/swagger/docs/html/index.html","3","24601","AvoidInlineStyles: Avoid inline styles","Best Practices","AvoidInlineStyles"
"319","","pfaa/focalboard/server/swagger/docs/html/index.html","3","24650","AvoidInlineStyles: Avoid inline styles","Best Practices","AvoidInlineStyles"
"320","","pfaa/focalboard/server/swagger/docs/html/index.html","3","24693","AvoidInlineStyles: Avoid inline styles","Best Practices","AvoidInlineStyles"
"321","","pfaa/focalboard/server/swagger/docs/html/index.html","3","24720","AvoidInlineStyles: Avoid inline styles","Best Practices","AvoidInlineStyles"
"322","","pfaa/focalboard/server/swagger/docs/html/index.html","3","25051","AvoidInlineStyles: Avoid inline styles","Best Practices","AvoidInlineStyles"
"323","","pfaa/focalboard/server/swagger/docs/html/index.html","3","25083","AvoidInlineStyles: Avoid inline styles","Best Practices","AvoidInlineStyles"
"324","","pfaa/focalboard/server/swagger/docs/html/index.html","3","25083","AvoidInlineStyles: Avoid inline styles","Best Practices","AvoidInlineStyles"
"325","","pfaa/focalboard/server/swagger/docs/html/index.html","3","25153","AvoidInlineStyles: Avoid inline styles","Best Practices","AvoidInlineStyles"
"326","","pfaa/focalboard/server/swagger/docs/html/index.html","3","25210","AvoidInlineStyles: Avoid inline styles","Best Practices","AvoidInlineStyles"
"327","","pfaa/focalboard/server/swagger/docs/html/index.html","3","25237","AvoidInlineStyles: Avoid inline styles","Best Practices","AvoidInlineStyles"
"328","","pfaa/focalboard/server/swagger/docs/html/index.html","3","25560","AvoidInlineStyles: Avoid inline styles","Best Practices","AvoidInlineStyles"
"329","","pfaa/focalboard/server/swagger/docs/html/index.html","3","25560","AvoidInlineStyles: Avoid inline styles","Best Practices","AvoidInlineStyles"
"330","","pfaa/focalboard/server/swagger/docs/html/index.html","3","25630","AvoidInlineStyles: Avoid inline styles","Best Practices","AvoidInlineStyles"
"331","","pfaa/focalboard/server/swagger/docs/html/index.html","3","25693","AvoidInlineStyles: Avoid inline styles","Best Practices","AvoidInlineStyles"
"332","","pfaa/focalboard/server/swagger/docs/html/index.html","3","26039","AvoidInlineStyles: Avoid inline styles","Best Practices","AvoidInlineStyles"
"333","","pfaa/focalboard/server/swagger/docs/html/index.html","3","26071","AvoidInlineStyles: Avoid inline styles","Best Practices","AvoidInlineStyles"
"334","","pfaa/focalboard/server/swagger/docs/html/index.html","3","26071","AvoidInlineStyles: Avoid inline styles","Best Practices","AvoidInlineStyles"
"335","","pfaa/focalboard/server/swagger/docs/html/index.html","3","26120","AvoidInlineStyles: Avoid inline styles","Best Practices","AvoidInlineStyles"
"336","","pfaa/focalboard/server/swagger/docs/html/index.html","3","26168","AvoidInlineStyles: Avoid inline styles","Best Practices","AvoidInlineStyles"
"337","","pfaa/focalboard/server/swagger/docs/html/index.html","3","26230","AvoidInlineStyles: Avoid inline styles","Best Practices","AvoidInlineStyles"
"338","","pfaa/focalboard/server/swagger/docs/html/index.html","3","26512","AvoidInlineStyles: Avoid inline styles","Best Practices","AvoidInlineStyles"
"339","","pfaa/focalboard/server/swagger/docs/html/index.html","3","26799","AvoidInlineStyles: Avoid inline styles","Best Practices","AvoidInlineStyles"
"340","","pfaa/focalboard/server/swagger/docs/html/index.html","3","26831","AvoidInlineStyles: Avoid inline styles","Best Practices","AvoidInlineStyles"
"341","","pfaa/focalboard/server/swagger/docs/html/index.html","3","26831","AvoidInlineStyles: Avoid inline styles","Best Practices","AvoidInlineStyles"
"342","","pfaa/focalboard/server/swagger/docs/html/index.html","3","26896","AvoidInlineStyles: Avoid inline styles","Best Practices","AvoidInlineStyles"
"343","","pfaa/focalboard/server/swagger/docs/html/index.html","3","26923","AvoidInlineStyles: Avoid inline styles","Best Practices","AvoidInlineStyles"
"344","","pfaa/focalboard/server/swagger/docs/html/index.html","3","27233","AvoidInlineStyles: Avoid inline styles","Best Practices","AvoidInlineStyles"
"345","","pfaa/focalboard/server/swagger/docs/html/index.html","3","27283","AvoidInlineStyles: Avoid inline styles","Best Practices","AvoidInlineStyles"
"346","","pfaa/focalboard/server/swagger/docs/html/index.html","3","27310","AvoidInlineStyles: Avoid inline styles","Best Practices","AvoidInlineStyles"
"347","","pfaa/focalboard/server/swagger/docs/html/index.html","3","27584","AvoidInlineStyles: Avoid inline styles","Best Practices","AvoidInlineStyles"
"348","","pfaa/focalboard/server/swagger/docs/html/index.html","3","27584","AvoidInlineStyles: Avoid inline styles","Best Practices","AvoidInlineStyles"
"349","","pfaa/focalboard/server/swagger/docs/html/index.html","3","27649","AvoidInlineStyles: Avoid inline styles","Best Practices","AvoidInlineStyles"
"350","","pfaa/focalboard/server/swagger/docs/html/index.html","3","27671","AvoidInlineStyles: Avoid inline styles","Best Practices","AvoidInlineStyles"
"351","","pfaa/focalboard/server/swagger/docs/html/index.html","3","27698","AvoidInlineStyles: Avoid inline styles","Best Practices","AvoidInlineStyles"
"352","","pfaa/focalboard/server/swagger/docs/html/index.html","3","28021","AvoidInlineStyles: Avoid inline styles","Best Practices","AvoidInlineStyles"
"353","","pfaa/focalboard/server/swagger/docs/html/index.html","3","28072","AvoidInlineStyles: Avoid inline styles","Best Practices","AvoidInlineStyles"
"354","","pfaa/focalboard/server/swagger/docs/html/index.html","3","28134","AvoidInlineStyles: Avoid inline styles","Best Practices","AvoidInlineStyles"
"355","","pfaa/focalboard/server/swagger/docs/html/index.html","3","28463","AvoidInlineStyles: Avoid inline styles","Best Practices","AvoidInlineStyles"
"356","","pfaa/focalboard/server/swagger/docs/html/index.html","3","28497","AvoidInlineStyles: Avoid inline styles","Best Practices","AvoidInlineStyles"
"357","","pfaa/focalboard/server/swagger/docs/html/index.html","3","28548","AvoidInlineStyles: Avoid inline styles","Best Practices","AvoidInlineStyles"
"358","","pfaa/focalboard/server/swagger/docs/html/index.html","3","28610","AvoidInlineStyles: Avoid inline styles","Best Practices","AvoidInlineStyles"
"359","","pfaa/focalboard/server/swagger/docs/html/index.html","3","28940","AvoidInlineStyles: Avoid inline styles","Best Practices","AvoidInlineStyles"
"360","","pfaa/focalboard/server/swagger/docs/html/index.html","3","28974","AvoidInlineStyles: Avoid inline styles","Best Practices","AvoidInlineStyles"
"361","","pfaa/focalboard/server/swagger/docs/html/index.html","3","29025","AvoidInlineStyles: Avoid inline styles","Best Practices","AvoidInlineStyles"
"362","","pfaa/focalboard/server/swagger/docs/html/index.html","3","29087","AvoidInlineStyles: Avoid inline styles","Best Practices","AvoidInlineStyles"
"363","","pfaa/focalboard/server/swagger/docs/html/index.html","3","29418","AvoidInlineStyles: Avoid inline styles","Best Practices","AvoidInlineStyles"
"364","","pfaa/focalboard/server/swagger/docs/html/index.html","3","29452","AvoidInlineStyles: Avoid inline styles","Best Practices","AvoidInlineStyles"
"365","","pfaa/focalboard/server/swagger/docs/html/index.html","3","29500","AvoidInlineStyles: Avoid inline styles","Best Practices","AvoidInlineStyles"
"366","","pfaa/focalboard/server/swagger/docs/html/index.html","3","29562","AvoidInlineStyles: Avoid inline styles","Best Practices","AvoidInlineStyles"
"367","","pfaa/focalboard/server/swagger/docs/html/index.html","3","29891","AvoidInlineStyles: Avoid inline styles","Best Practices","AvoidInlineStyles"
"368","","pfaa/focalboard/server/swagger/docs/html/index.html","3","29914","AvoidInlineStyles: Avoid inline styles","Best Practices","AvoidInlineStyles"
"369","","pfaa/focalboard/server/swagger/docs/html/index.html","3","29969","AvoidInlineStyles: Avoid inline styles","Best Practices","AvoidInlineStyles"
"370","","pfaa/focalboard/server/swagger/docs/html/index.html","3","30026","AvoidInlineStyles: Avoid inline styles","Best Practices","AvoidInlineStyles"
"371","","pfaa/focalboard/server/swagger/docs/html/index.html","3","30053","AvoidInlineStyles: Avoid inline styles","Best Practices","AvoidInlineStyles"
"372","","pfaa/focalboard/server/swagger/docs/html/index.html","3","30363","AvoidInlineStyles: Avoid inline styles","Best Practices","AvoidInlineStyles"
"373","","pfaa/focalboard/server/swagger/docs/html/index.html","3","30413","AvoidInlineStyles: Avoid inline styles","Best Practices","AvoidInlineStyles"
"374","","pfaa/focalboard/server/swagger/docs/html/index.html","3","30440","AvoidInlineStyles: Avoid inline styles","Best Practices","AvoidInlineStyles"
"375","","pfaa/focalboard/server/swagger/docs/html/index.html","3","30785","AvoidInlineStyles: Avoid inline styles","Best Practices","AvoidInlineStyles"
"376","","pfaa/focalboard/server/swagger/docs/html/index.html","3","30817","AvoidInlineStyles: Avoid inline styles","Best Practices","AvoidInlineStyles"
"377","","pfaa/focalboard/server/swagger/docs/html/index.html","3","30817","AvoidInlineStyles: Avoid inline styles","Best Practices","AvoidInlineStyles"
"378","","pfaa/focalboard/server/swagger/docs/html/index.html","3","30869","AvoidInlineStyles: Avoid inline styles","Best Practices","AvoidInlineStyles"
"379","","pfaa/focalboard/server/swagger/docs/html/index.html","3","30917","AvoidInlineStyles: Avoid inline styles","Best Practices","AvoidInlineStyles"
"380","","pfaa/focalboard/server/swagger/docs/html/index.html","3","30979","AvoidInlineStyles: Avoid inline styles","Best Practices","AvoidInlineStyles"
"381","","pfaa/focalboard/server/swagger/docs/html/index.html","3","31320","AvoidInlineStyles: Avoid inline styles","Best Practices","AvoidInlineStyles"
"382","","pfaa/focalboard/server/swagger/docs/html/index.html","3","31343","AvoidInlineStyles: Avoid inline styles","Best Practices","AvoidInlineStyles"
"383","","pfaa/focalboard/server/swagger/docs/html/index.html","3","31375","AvoidInlineStyles: Avoid inline styles","Best Practices","AvoidInlineStyles"
"384","","pfaa/focalboard/server/swagger/docs/html/index.html","3","31375","AvoidInlineStyles: Avoid inline styles","Best Practices","AvoidInlineStyles"
"385","","pfaa/focalboard/server/swagger/docs/html/index.html","3","31445","AvoidInlineStyles: Avoid inline styles","Best Practices","AvoidInlineStyles"
"386","","pfaa/focalboard/server/swagger/docs/html/index.html","3","31507","AvoidInlineStyles: Avoid inline styles","Best Practices","AvoidInlineStyles"
"387","","pfaa/focalboard/server/swagger/docs/html/index.html","3","31837","AvoidInlineStyles: Avoid inline styles","Best Practices","AvoidInlineStyles"
"388","","pfaa/focalboard/server/swagger/docs/html/index.html","3","31860","AvoidInlineStyles: Avoid inline styles","Best Practices","AvoidInlineStyles"
"389","","pfaa/focalboard/server/swagger/docs/html/index.html","3","31883","AvoidInlineStyles: Avoid inline styles","Best Practices","AvoidInlineStyles"
"390","","pfaa/focalboard/server/swagger/docs/html/index.html","3","31933","AvoidInlineStyles: Avoid inline styles","Best Practices","AvoidInlineStyles"
"391","","pfaa/focalboard/server/swagger/docs/html/index.html","3","31960","AvoidInlineStyles: Avoid inline styles","Best Practices","AvoidInlineStyles"
"392","","pfaa/focalboard/server/swagger/docs/html/index.html","3","32301","AvoidInlineStyles: Avoid inline styles","Best Practices","AvoidInlineStyles"
"393","","pfaa/focalboard/server/swagger/docs/html/index.html","3","32324","AvoidInlineStyles: Avoid inline styles","Best Practices","AvoidInlineStyles"
"394","","pfaa/focalboard/server/swagger/docs/html/index.html","3","32356","AvoidInlineStyles: Avoid inline styles","Best Practices","AvoidInlineStyles"
"395","","pfaa/focalboard/server/swagger/docs/html/index.html","3","32356","AvoidInlineStyles: Avoid inline styles","Best Practices","AvoidInlineStyles"
"396","","pfaa/focalboard/server/swagger/docs/html/index.html","3","32426","AvoidInlineStyles: Avoid inline styles","Best Practices","AvoidInlineStyles"
"397","","pfaa/focalboard/server/swagger/docs/html/index.html","3","32488","AvoidInlineStyles: Avoid inline styles","Best Practices","AvoidInlineStyles"
"398","","pfaa/focalboard/server/swagger/docs/html/index.html","3","32810","AvoidInlineStyles: Avoid inline styles","Best Practices","AvoidInlineStyles"
"399","","pfaa/focalboard/server/swagger/docs/html/index.html","3","32842","AvoidInlineStyles: Avoid inline styles","Best Practices","AvoidInlineStyles"
"400","","pfaa/focalboard/server/swagger/docs/html/index.html","3","32842","AvoidInlineStyles: Avoid inline styles","Best Practices","AvoidInlineStyles"
"401","","pfaa/focalboard/server/swagger/docs/html/index.html","3","32907","AvoidInlineStyles: Avoid inline styles","Best Practices","AvoidInlineStyles"
"402","","pfaa/focalboard/server/swagger/docs/html/index.html","3","32934","AvoidInlineStyles: Avoid inline styles","Best Practices","AvoidInlineStyles"
"403","","pfaa/focalboard/server/swagger/docs/html/index.html","3","33276","AvoidInlineStyles: Avoid inline styles","Best Practices","AvoidInlineStyles"
"404","","pfaa/focalboard/server/swagger/docs/html/index.html","3","33299","AvoidInlineStyles: Avoid inline styles","Best Practices","AvoidInlineStyles"
"405","","pfaa/focalboard/server/swagger/docs/html/index.html","3","33332","AvoidInlineStyles: Avoid inline styles","Best Practices","AvoidInlineStyles"
"406","","pfaa/focalboard/server/swagger/docs/html/index.html","3","33384","AvoidInlineStyles: Avoid inline styles","Best Practices","AvoidInlineStyles"
"407","","pfaa/focalboard/server/swagger/docs/html/index.html","3","33441","AvoidInlineStyles: Avoid inline styles","Best Practices","AvoidInlineStyles"
"408","","pfaa/focalboard/server/swagger/docs/html/index.html","3","33468","AvoidInlineStyles: Avoid inline styles","Best Practices","AvoidInlineStyles"
"409","","pfaa/focalboard/webapp/cypress/plugins/index.js","1","23","AvoidTrailingComma: Avoid trailing commas in object or array literals","Error Prone","AvoidTrailingComma"
"410","","pfaa/focalboard/webapp/webpack.common.js","1","12","AvoidTrailingComma: Avoid trailing commas in object or array literals","Error Prone","AvoidTrailingComma"
"411","","pfaa/focalboard/webapp/webpack.common.js","1","15","AvoidTrailingComma: Avoid trailing commas in object or array literals","Error Prone","AvoidTrailingComma"
"412","","pfaa/focalboard/webapp/webpack.common.js","1","19","AvoidTrailingComma: Avoid trailing commas in object or array literals","Error Prone","AvoidTrailingComma"
"413","","pfaa/focalboard/webapp/webpack.common.js","1","20","AvoidTrailingComma: Avoid trailing commas in object or array literals","Error Prone","AvoidTrailingComma"
"414","","pfaa/focalboard/webapp/webpack.common.js","1","21","AvoidTrailingComma: Avoid trailing commas in object or array literals","Error Prone","AvoidTrailingComma"
"415","","pfaa/focalboard/webapp/webpack.common.js","1","23","AvoidTrailingComma: Avoid trailing commas in object or array literals","Error Prone","AvoidTrailingComma"
"416","","pfaa/focalboard/webapp/webpack.common.js","1","27","AvoidTrailingComma: Avoid trailing commas in object or array literals","Error Prone","AvoidTrailingComma"
"417","","pfaa/focalboard/webapp/webpack.common.js","1","29","AvoidTrailingComma: Avoid trailing commas in object or array literals","Error Prone","AvoidTrailingComma"
"418","","pfaa/focalboard/webapp/webpack.common.js","1","31","AvoidTrailingComma: Avoid trailing commas in object or array literals","Error Prone","AvoidTrailingComma"
"419","","pfaa/focalboard/webapp/webpack.common.js","1","32","AvoidTrailingComma: Avoid trailing commas in object or array literals","Error Prone","AvoidTrailingComma"
"420","","pfaa/focalboard/webapp/webpack.common.js","1","33","AvoidTrailingComma: Avoid trailing commas in object or array literals","Error Prone","AvoidTrailingComma"
"421","","pfaa/focalboard/webapp/webpack.common.js","1","34","AvoidTrailingComma: Avoid trailing commas in object or array literals","Error Prone","AvoidTrailingComma"
"422","","pfaa/focalboard/webapp/webpack.common.js","1","45","AvoidTrailingComma: Avoid trailing commas in object or array literals","Error Prone","AvoidTrailingComma"
"423","","pfaa/focalboard/webapp/webpack.common.js","1","49","AvoidTrailingComma: Avoid trailing commas in object or array literals","Error Prone","AvoidTrailingComma"
"424","","pfaa/focalboard/webapp/webpack.common.js","1","51","AvoidTrailingComma: Avoid trailing commas in object or array literals","Error Prone","AvoidTrailingComma"
"425","","pfaa/focalboard/webapp/webpack.common.js","1","57","AvoidTrailingComma: Avoid trailing commas in object or array literals","Error Prone","AvoidTrailingComma"
"426","","pfaa/focalboard/webapp/webpack.common.js","1","59","AvoidTrailingComma: Avoid trailing commas in object or array literals","Error Prone","AvoidTrailingComma"
"427","","pfaa/focalboard/webapp/webpack.common.js","1","64","AvoidTrailingComma: Avoid trailing commas in object or array literals","Error Prone","AvoidTrailingComma"
"428","","pfaa/focalboard/webapp/webpack.common.js","1","70","AvoidTrailingComma: Avoid trailing commas in object or array literals","Error Prone","AvoidTrailingComma"
"429","","pfaa/focalboard/webapp/webpack.common.js","1","73","AvoidTrailingComma: Avoid trailing commas in object or array literals","Error Prone","AvoidTrailingComma"
"430","","pfaa/focalboard/webapp/webpack.common.js","1","79","AvoidTrailingComma: Avoid trailing commas in object or array literals","Error Prone","AvoidTrailingComma"
"431","","pfaa/focalboard/webapp/webpack.common.js","1","80","AvoidTrailingComma: Avoid trailing commas in object or array literals","Error Prone","AvoidTrailingComma"
"432","","pfaa/focalboard/webapp/webpack.common.js","1","87","AvoidTrailingComma: Avoid trailing commas in object or array literals","Error Prone","AvoidTrailingComma"
"433","","pfaa/focalboard/webapp/webpack.common.js","1","88","AvoidTrailingComma: Avoid trailing commas in object or array literals","Error Prone","AvoidTrailingComma"
"434","","pfaa/focalboard/webapp/webpack.common.js","1","89","AvoidTrailingComma: Avoid trailing commas in object or array literals","Error Prone","AvoidTrailingComma"
"435","","pfaa/focalboard/webapp/webpack.common.js","1","93","AvoidTrailingComma: Avoid trailing commas in object or array literals","Error Prone","AvoidTrailingComma"
"436","","pfaa/focalboard/webapp/webpack.common.js","1","104","AvoidTrailingComma: Avoid trailing commas in object or array literals","Error Prone","AvoidTrailingComma"
"437","","pfaa/focalboard/webapp/webpack.common.js","1","114","GlobalVariable: Avoid using global variables","Best Practices","GlobalVariable"
"438","","pfaa/focalboard/webapp/webpack.dev.js","1","9","AvoidTrailingComma: Avoid trailing commas in object or array literals","Error Prone","AvoidTrailingComma"
"439","","pfaa/focalboard/webapp/webpack.dev.js","1","12","AvoidTrailingComma: Avoid trailing commas in object or array literals","Error Prone","AvoidTrailingComma"
"440","","pfaa/focalboard/webapp/webpack.dev.js","1","17","AvoidTrailingComma: Avoid trailing commas in object or array literals","Error Prone","AvoidTrailingComma"
"441","","pfaa/focalboard/webapp/webpack.dev.js","1","18","AvoidTrailingComma: Avoid trailing commas in object or array literals","Error Prone","AvoidTrailingComma"
"442","","pfaa/focalboard/webapp/webpack.dev.js","1","20","AvoidTrailingComma: Avoid trailing commas in object or array literals","Error Prone","AvoidTrailingComma"
"443","","pfaa/focalboard/webapp/webpack.editor.js","1","12","AvoidTrailingComma: Avoid trailing commas in object or array literals","Error Prone","AvoidTrailingComma"
"444","","pfaa/focalboard/webapp/webpack.editor.js","1","15","AvoidTrailingComma: Avoid trailing commas in object or array literals","Error Prone","AvoidTrailingComma"
"445","","pfaa/focalboard/webapp/webpack.editor.js","1","18","AvoidTrailingComma: Avoid trailing commas in object or array literals","Error Prone","AvoidTrailingComma"
"446","","pfaa/focalboard/webapp/webpack.editor.js","1","23","AvoidTrailingComma: Avoid trailing commas in object or array literals","Error Prone","AvoidTrailingComma"
"447","","pfaa/focalboard/webapp/webpack.editor.js","1","24","AvoidTrailingComma: Avoid trailing commas in object or array literals","Error Prone","AvoidTrailingComma"
"448","","pfaa/focalboard/webapp/webpack.editor.js","1","25","AvoidTrailingComma: Avoid trailing commas in object or array literals","Error Prone","AvoidTrailingComma"
"449","","pfaa/focalboard/webapp/webpack.editor.js","1","29","AvoidTrailingComma: Avoid trailing commas in object or array literals","Error Prone","AvoidTrailingComma"
"450","","pfaa/focalboard/webapp/webpack.editor.js","1","41","AvoidTrailingComma: Avoid trailing commas in object or array literals","Error Prone","AvoidTrailingComma"
"451","","pfaa/focalboard/webapp/webpack.editor.js","1","42","AvoidTrailingComma: Avoid trailing commas in object or array literals","Error Prone","AvoidTrailingComma"
"452","","pfaa/focalboard/webapp/webpack.editor.js","1","44","AvoidTrailingComma: Avoid trailing commas in object or array literals","Error Prone","AvoidTrailingComma"
"453","","pfaa/focalboard/webapp/webpack.prod.js","1","10","AvoidTrailingComma: Avoid trailing commas in object or array literals","Error Prone","AvoidTrailingComma"
"454","","pfaa/focalboard/webapp/webpack.prod.js","1","12","AvoidTrailingComma: Avoid trailing commas in object or array literals","Error Prone","AvoidTrailingComma"
"455","","pfaa/focalboard/webapp/webpack.prod.js","1","18","AvoidTrailingComma: Avoid trailing commas in object or array literals","Error Prone","AvoidTrailingComma"
"456","","pfaa/focalboard/website/site/content/fwlink/doc-boards.html","3","5","UnnecessaryTypeAttribute: Type attribute for link and script elements is not needed.","Best Practices","UnnecessaryTypeAttribute"
"457","","pfaa/focalboard/website/site/content/fwlink/feedback-boards.html","3","4","UnnecessaryTypeAttribute: Type attribute for link and script elements is not needed.","Best Practices","UnnecessaryTypeAttribute"
"458","","pfaa/focalboard/website/site/content/fwlink/feedback-focalboard.html","3","4","UnnecessaryTypeAttribute: Type attribute for link and script elements is not needed.","Best Practices","UnnecessaryTypeAttribute"
"459","","pfaa/focalboard/website/site/content/fwlink/plugin-setup.html","3","5","UnnecessaryTypeAttribute: Type attribute for link and script elements is not needed.","Best Practices","UnnecessaryTypeAttribute"
"460","","pfaa/focalboard/website/site/content/fwlink/setup-536.html","3","5","UnnecessaryTypeAttribute: Type attribute for link and script elements is not needed.","Best Practices","UnnecessaryTypeAttribute"
"461","","pfaa/focalboard/website/site/content/fwlink/v1-focalboard.html","3","5","UnnecessaryTypeAttribute: Type attribute for link and script elements is not needed.","Best Practices","UnnecessaryTypeAttribute"
"462","","pfaa/focalboard/website/site/content/fwlink/websocket-connect-error.html","3","5","UnnecessaryTypeAttribute: Type attribute for link and script elements is not needed.","Best Practices","UnnecessaryTypeAttribute"
"463","","pfaa/focalboard/website/site/layouts/_default/taxonomy.html","3","18","AvoidInlineStyles: Avoid inline styles","Best Practices","AvoidInlineStyles"
"464","","pfaa/focalboard/website/site/layouts/indexes/tag.html","3","18","AvoidInlineStyles: Avoid inline styles","Best Practices","AvoidInlineStyles"
"465","","pfaa/focalboard/website/site/layouts/partials/head.html","3","46","UnnecessaryTypeAttribute: Type attribute for link and script elements is not needed.","Best Practices","UnnecessaryTypeAttribute"
"466","","pfaa/focalboard/website/site/layouts/partials/head.html","3","70","UnnecessaryTypeAttribute: Type attribute for link and script elements is not needed.","Best Practices","UnnecessaryTypeAttribute"
"467","","pfaa/focalboard/website/site/layouts/partials/hero.html","3","5","AvoidInlineStyles: Avoid inline styles","Best Practices","AvoidInlineStyles"
"468","","pfaa/focalboard/website/site/layouts/partials/hero.html","3","17","AvoidInlineStyles: Avoid inline styles","Best Practices","AvoidInlineStyles"
"469","","pfaa/focalboard/website/site/layouts/partials/intro.html","3","64","AvoidInlineStyles: Avoid inline styles","Best Practices","AvoidInlineStyles"
"470","","pfaa/focalboard/website/site/layouts/partials/mailinglist.html","3","2","AvoidInlineStyles: Avoid inline styles","Best Practices","AvoidInlineStyles"
"471","","pfaa/focalboard/website/site/layouts/partials/sidebar.html","3","24","AvoidInlineStyles: Avoid inline styles","Best Practices","AvoidInlineStyles"
"472","","pfaa/focalboard/website/site/layouts/partials/sidebar.html","3","48","AvoidInlineStyles: Avoid inline styles","Best Practices","AvoidInlineStyles"
"473","","pfaa/focalboard/website/site/themes/layouts/partials/counters.html","3","1","AvoidInlineStyles: Avoid inline styles","Best Practices","AvoidInlineStyles"
"474","","pfaa/focalboard/website/site/themes/layouts/partials/hero.html","3","1","AvoidInlineStyles: Avoid inline styles","Best Practices","AvoidInlineStyles"
"475","","pfaa/focalboard/website/site/themes/layouts/partials/intro.html","3","5","AvoidInlineStyles: Avoid inline styles","Best Practices","AvoidInlineStyles"
"476","","pfaa/privacy-friendly-solitaire/android/res/drawable-mdpi/ic_menu_help.xml","3","1","MissingEncoding: Set an explicit XML encoding in the XML declaration to ensure proper parsing","Best Practices","MissingEncoding"
"477","","pfaa/privacy-friendly-solitaire/android/res/drawable-mdpi/ic_menu_info.xml","3","1","MissingEncoding: Set an explicit XML encoding in the XML declaration to ensure proper parsing","Best Practices","MissingEncoding"
"478","","pfaa/privacy-friendly-solitaire/android/res/drawable/ic_settings.xml","3","1","MissingEncoding: Set an explicit XML encoding in the XML declaration to ensure proper parsing","Best Practices","MissingEncoding"
"479","","pfaa/privacy-friendly-solitaire/android/res/layout-sw600dp/activity_about.xml","3","1","MissingEncoding: Set an explicit XML encoding in the XML declaration to ensure proper parsing","Best Practices","MissingEncoding"
"480","","pfaa/privacy-friendly-solitaire/android/res/values-w820dp/dimens.xml","3","1","MissingEncoding: Set an explicit XML encoding in the XML declaration to ensure proper parsing","Best Practices","MissingEncoding"
"481","","pfaa/privacy-friendly-solitaire/android/res/values/dimens.xml","3","1","MissingEncoding: Set an explicit XML encoding in the XML declaration to ensure proper parsing","Best Practices","MissingEncoding"
"482","","pfaa/privacy-friendly-solitaire/android/res/values/styles.xml","3","1","MissingEncoding: Set an explicit XML encoding in the XML declaration to ensure proper parsing","Best Practices","MissingEncoding"
"483","","pfaa/sms-backup-plus/app/src/main/assets/about.html","3","5","UnnecessaryTypeAttribute: Type attribute for link and script elements is not needed.","Best Practices","UnnecessaryTypeAttribute"
"484","","pfaa/sms-backup-plus/app/src/main/res/color/text_primary.xml","3","1","MissingEncoding: Set an explicit XML encoding in the XML declaration to ensure proper parsing","Best Practices","MissingEncoding"
"485","","pfaa/sms-backup-plus/app/src/main/res/color/text_secondary.xml","3","1","MissingEncoding: Set an explicit XML encoding in the XML declaration to ensure proper parsing","Best Practices","MissingEncoding"
"486","","pfaa/sms-backup-plus/app/src/main/res/color/text_tertiary.xml","3","1","MissingEncoding: Set an explicit XML encoding in the XML declaration to ensure proper parsing","Best Practices","MissingEncoding"
"487","","pfaa/sms-backup-plus/app/src/main/res/drawable-anydpi/ic_account_circle.xml","3","1","MissingEncoding: Set an explicit XML encoding in the XML declaration to ensure proper parsing","Best Practices","MissingEncoding"
"488","","pfaa/sms-backup-plus/app/src/main/res/drawable-anydpi/ic_done.xml","3","1","MissingEncoding: Set an explicit XML encoding in the XML declaration to ensure proper parsing","Best Practices","MissingEncoding"
"489","","pfaa/sms-backup-plus/app/src/main/res/drawable-anydpi/ic_syncing.xml","3","1","MissingEncoding: Set an explicit XML encoding in the XML declaration to ensure proper parsing","Best Practices","MissingEncoding"
"490","","pfaa/sms-backup-plus/app/src/main/res/drawable-anydpi/ic_syncing_problem.xml","3","1","MissingEncoding: Set an explicit XML encoding in the XML declaration to ensure proper parsing","Best Practices","MissingEncoding"
"491","","pfaa/sms-backup-plus/app/src/main/res/drawable/ic_notification.xml","3","1","MissingEncoding: Set an explicit XML encoding in the XML declaration to ensure proper parsing","Best Practices","MissingEncoding"
"492","","pfaa/sms-backup-plus/app/src/main/res/drawable/ic_sms_backup.xml","3","1","MissingEncoding: Set an explicit XML encoding in the XML declaration to ensure proper parsing","Best Practices","MissingEncoding"
"493","","pfaa/sms-backup-plus/app/src/main/res/values/styles.xml","3","1","MissingEncoding: Set an explicit XML encoding in the XML declaration to ensure proper parsing","Best Practices","MissingEncoding"
"494","","pfaa/sms-backup-plus/app/src/main/res/xml/preferences.xml","3","1","MissingEncoding: Set an explicit XML encoding in the XML declaration to ensure proper parsing","Best Practices","MissingEncoding"
"495","","pfaa/vidmate-app-download/sitemap.xml","3","1","MissingEncoding: Set an explicit XML encoding in the XML declaration to ensure proper parsing","Best Practices","MissingEncoding"
